site;parcela;biomassa_z_kg;log_biomass;produt_z_g.ano;log_produt;sr;unbias_simp;shannon;pd;mpd;mntd;sespd;sesmpd;sesmntd;psv;psc;pse;psr;gini;pcps1;pcps2;riq_inicial;PD_q0;PD_q1;PD_q2;PC1nutri;PC2nutri;valor_s;valor_t;ph;silte;PC1;PC2;PC1_clima;ppt;tmax;tmin;pet;vpd;altitude;declividade;idade_anos;mcwd;c_solo;c_soloid;n_solo;n_sid;c.n_solo;c.n_soloid
CSA;CSA1;588.2837688;6.377209432;73535.47111;11.20552317;12;0.93015873;2.406720313;1047.817274;0.728485553;0.517977572;-0.14483638;-0.217150642;0.056585531;0.805166464;0.525346284;0.794711513;9.661997572;0.49425876;0.010566928;-0.129417588;37;1059.995224;259.7811316;188.8996381;-1.323565162;-0.3601127;2.7;7.3;4.8;112.5;-1.850948211;0.216301499;0.555917011;115.6266674;28.3666667;18.7433332;95.835;0.739666667;40;2.5;8;-775.5800903;1.105;0.138125;0.11;0.01375;10.04545455;1.255681818
CSA;CSA2;399.7850629;5.99092706;49973.13286;10.8192408;11;0.929230769;2.304367673;806.959585;0.617384768;0.455415215;-1.954697008;-3.151249163;-0.950795429;0.679927031;0.44821842;0.679123245;7.479197343;0.471482942;-0.162185099;-0.064109443;37;819.137535;217.6606821;171.1408703;-1.323565162;-0.3601127;2.7;7.3;4.8;112.5;-1.850948211;0.216301499;0.555917011;115.6266674;28.3666667;18.7433332;95.835;0.739666667;40;2.5;8;-775.5800903;1.105;0.138125;0.11;0.01375;10.04545455;1.255681818
CSA;CSA3;391.2176091;5.96926395;48902.20114;10.79757769;14;0.935384615;2.46166235;1056.42802;0.627117075;0.447106234;-1.2545034;-3.190268714;-0.536238635;0.7011849;0.459975509;0.675356851;9.816588605;0.383252497;-0.159744881;-0.065629609;37;1068.60597;373.2725608;285.9592394;-1.323565162;-0.3601127;2.7;7.3;4.8;112.5;-1.850948211;0.216301499;0.555917011;115.6266674;28.3666667;18.7433332;95.835;0.739666667;40;2.5;8;-775.5800903;1.105;0.138125;0.11;0.01375;10.04545455;1.255681818
CSA;CSA4;445.6013637;6.099424749;55700.17046;10.92773849;11;0.941520468;2.305657338;803.963308;0.620535891;0.432513087;-1.957548483;-2.945670047;-1.171485922;0.685582314;0.431753609;0.682589482;7.54140545;0.397070203;-0.170512668;-0.05964479;37;816.141258;291.1917612;207.1113387;-1.323565162;-0.3601127;2.7;7.3;4.8;112.5;-1.850948211;0.216301499;0.555917011;115.6266674;28.3666667;18.7433332;95.835;0.739666667;40;2.5;8;-775.5800903;1.105;0.138125;0.11;0.01375;10.04545455;1.255681818
CSA;CSA5;303.0902115;5.714030489;37886.27643;10.54234423;14;0.967320261;2.553237003;984.094892;0.589319365;0.418575943;-1.971518925;-4.146906161;-0.831293906;0.661283319;0.434979785;0.634651626;9.257966459;0.35074838;-0.179671511;0.062847396;37;996.272842;303.6616894;207.1026454;-1.323565162;-0.3601127;2.7;7.3;4.8;112.5;-1.850948211;0.216301499;0.555917011;115.6266674;28.3666667;18.7433332;95.835;0.739666667;40;2.5;8;-775.5800903;1.105;0.138125;0.11;0.01375;10.04545455;1.255681818
CSA;CSA6;463.3077498;6.13839152;57913.46873;10.96670526;12;0.928853755;2.329186614;950.087806;0.739034148;0.506143296;-1.145877505;-0.645264834;-1.299495312;0.786674796;0.412046436;0.806219072;9.44009755;0.458187457;0.154920098;-0.023048049;37;962.265756;338.6583968;267.656683;-1.323565162;-0.3601127;2.7;7.3;4.8;112.5;-1.850948211;0.216301499;0.555917011;115.6266674;28.3666667;18.7433332;95.835;0.739666667;40;2.5;8;-775.5800903;1.105;0.138125;0.11;0.01375;10.04545455;1.255681818
CSA;CSA7;615.715813;6.422785515;76964.47663;11.25109925;13;0.907563025;2.335218102;967.424198;0.623196306;0.472306104;-1.572512268;-3.350241489;-0.590280011;0.685494721;0.46230788;0.675129333;8.911431371;0.466005224;-0.160459028;0.020969952;37;979.602148;215.5212579;167.1604673;-1.323565162;-0.3601127;2.7;7.3;4.8;112.5;-1.850948211;0.216301499;0.555917011;115.6266674;28.3666667;18.7433332;95.835;0.739666667;40;2.5;8;-775.5800903;1.105;0.138125;0.11;0.01375;10.04545455;1.255681818
EEG1;EEG11;295.1973369;5.687644071;73799.33422;11.20910499;11;0.961538462;2.245035274;793.850357;0.684407049;0.450440162;-1.350082359;-1.281907977;-1.293303237;0.759114813;0.432488654;0.760452278;7.591148134;0.405012599;-0.051742554;-0.049339287;98;823.557674;323.5650329;226.2236912;-0.886316114;1.654800814;2.3;5.25;5.3;50;-1.16249425;-0.233235744;1.664506767;93.52500006;28.2683334;19.52833333;104.9766667;0.769;28;0;4;-8693.223145;0.915;0.22875;0.075;0.01875;12.2;3.05
EEG1;EEG12;357.352151;5.878721713;89338.03776;11.40018263;10;0.923809524;2.153532457;768.163473;0.661113401;0.430729992;-1.584803078;-1.946521209;-1.205887977;0.724682382;0.438727748;0.734570447;7.246823824;0.376263466;0.019019233;-0.073943754;98;780.341423;317.5763886;229.7324766;-0.886316114;1.654800814;2.3;5.25;5.3;50;-1.16249425;-0.233235744;1.664506767;93.52500006;28.2683334;19.52833333;104.9766667;0.769;28;0;4;-8693.223145;0.915;0.22875;0.075;0.01875;12.2;3.05
EEG1;EEG13;449.9545038;6.109146475;112488.626;11.63060739;12;0.966666667;2.426015132;838.295403;0.61923554;0.395526729;-2.234447702;-3.16251697;-1.39210248;0.674031337;0.402442247;0.67552968;8.088376042;0.360013566;-0.172106917;-0.049657584;98;850.473353;401.0355694;306.1821661;-0.886316114;1.654800814;2.3;5.25;5.3;50;-1.16249425;-0.233235744;1.664506767;93.52500006;28.2683334;19.52833333;104.9766667;0.769;28;0;4;-8693.223145;0.915;0.22875;0.075;0.01875;12.2;3.05
EEG1;EEG14;600.1484545;6.397177049;150037.1136;11.91863797;12;0.942857143;2.375646548;911.728379;0.665971468;0.393240398;-1.531919401;-1.115477273;-1.264864059;0.767236677;0.417048602;0.726514329;9.20684013;0.404790299;-0.067826019;-0.051654046;98;923.906329;587.0539343;444.894479;-0.886316114;1.654800814;2.3;5.25;5.3;50;-1.16249425;-0.233235744;1.664506767;93.52500006;28.2683334;19.52833333;104.9766667;0.769;28;0;4;-8693.223145;0.915;0.22875;0.075;0.01875;12.2;3.05
EEG1;EEG15;421.1562436;6.04300389;105289.0609;11.56446481;11;0.852380952;2.05431218;918.312009;0.673775804;0.640561746;-0.834109291;-0.973865074;-0.418080128;0.772032896;0.496272577;0.741153386;8.492361857;0.380943945;0.050002455;-0.125619657;98;930.489959;465.5462927;356.7418171;-0.886316114;1.654800814;2.3;5.25;5.3;50;-1.16249425;-0.233235744;1.664506767;93.52500006;28.2683334;19.52833333;104.9766667;0.769;28;0;4;-8693.223145;0.915;0.22875;0.075;0.01875;12.2;3.05
EEG2;EEG21;682.3613792;6.525559399;97480.19703;11.48740453;11;0.876190476;2.106913074;959.536161;0.626819397;0.430086426;-0.32902441;-0.500667024;-0.027010024;0.792032594;0.530322119;0.689501337;8.712358538;0.452928751;-0.10634956;0.058092143;98;959.536161;195.7794047;159.4616938;-0.507973882;1.372072297;1.8;4.75;5.1;50;-0.886173579;-1.161799202;1.679510722;93.40333335;28.2683334;19.56000002;105.8116667;0.768833333;26;0;7;-8518.342773;0.895;0.127857143;0.075;0.010714286;11.93333333;1.704761905
EEG2;EEG22;468.6492734;6.149854671;66949.8962;11.1116998;10;0.933333333;2.187322319;856.144009;0.635127872;0.480400617;-0.640707676;-1.323931404;-0.061964829;0.755901426;0.53417631;0.705697638;7.55901426;0.364923214;-0.101691136;0.045253652;98;868.321959;395.1449178;277.5734903;-0.507973882;1.372072297;1.8;4.75;5.1;50;-0.886173579;-1.161799202;1.679510722;93.40333335;28.2683334;19.56000002;105.8116667;0.768833333;26;0;7;-8518.342773;0.895;0.127857143;0.075;0.010714286;11.93333333;1.704761905
EEG2;EEG23;270.1687919;5.599046919;38595.5417;10.56089205;5;0.824175824;1.531778079;484.985066;0.590148891;0.497879804;-0.700829138;-0.342227861;-0.709497501;0.791014456;0.558993508;0.737686113;3.955072281;0.299704579;-0.117237873;-0.162677869;98;502.318649;308.2058318;235.2692682;-0.507973882;1.372072297;1.8;4.75;5.1;50;-0.886173579;-1.161799202;1.679510722;93.40333335;28.2683334;19.56000002;105.8116667;0.768833333;26;0;7;-8518.342773;0.895;0.127857143;0.075;0.010714286;11.93333333;1.704761905
EEG2;EEG24;327.1245296;5.790340923;46732.07566;10.75218605;7;0.842857143;1.776842988;658.302861;0.651815957;0.480857436;-0.407960278;-0.116343494;-0.60926672;0.80518338;0.531072407;0.76045195;5.636283662;0.268332147;0.068024235;-0.211738256;98;675.636444;484.6248324;369.3040508;-0.507973882;1.372072297;1.8;4.75;5.1;50;-0.886173579;-1.161799202;1.679510722;93.40333335;28.2683334;19.56000002;105.8116667;0.768833333;26;0;7;-8518.342773;0.895;0.127857143;0.075;0.010714286;11.93333333;1.704761905
EEG2;EEG25;818.1355303;6.707028008;116876.5043;11.66887314;8;0.865497076;1.885764281;643.080203;0.571880574;0.510672191;-1.561506904;-2.132552183;-0.841930402;0.700446529;0.494588793;0.653577799;5.603572231;0.354174911;-0.198964925;-0.055096507;98;660.413786;303.8422041;255.5316043;-0.507973882;1.372072297;1.8;4.75;5.1;50;-0.886173579;-1.161799202;1.679510722;93.40333335;28.2683334;19.56000002;105.8116667;0.768833333;26;0;7;-8518.342773;0.895;0.127857143;0.075;0.010714286;11.93333333;1.704761905
EEG3;EEG31;411.5343284;6.019892439;68589.05473;11.13588825;6;0.757894737;1.49561578;647.454576;0.544893857;0.525506747;0.651861333;0.615711762;0.58368457;0.854867058;0.693594945;0.653872628;5.129202346;0.336571249;-0.147946477;0.102679943;98;659.632526;257.3131956;200.0452456;-0.168820877;1.242798322;1.55;4.75;4.9;68;-0.85978719;0.016952886;1.679510722;93.40333335;28.2683334;19.56000002;105.8116667;0.768833333;24;0;6;-8518.342773;1.035;0.1725;0.075;0.0125;13.8;2.3
EEG3;EEG32;496.6981581;6.207982514;82783.02635;11.32397832;3;0.5;0.636514168;247.468474;0.404621509;0.910398396;0.541730661;0.548761904;0.512458756;0.910398396;0.910398396;0.809243018;1.820796791;0.342397354;-0.207937527;0.096870906;98;379.520657;159.5600951;144.9959601;-0.168820877;1.242798322;1.55;4.75;4.9;68;-0.85978719;0.016952886;1.679510722;93.40333335;28.2683334;19.56000002;105.8116667;0.768833333;24;0;6;-8518.342773;1.035;0.1725;0.075;0.0125;13.8;2.3
EEG3;EEG33;876.8401924;6.776324755;146140.0321;11.89232056;8;0.815217391;1.765943983;790.073768;0.599738345;0.500533225;0.30078462;0.491071341;0.001354335;0.839851258;0.57758779;0.685415251;6.718810065;0.41864381;-0.164910792;-0.041457508;98;802.251718;214.1053286;175.1302726;-0.168820877;1.242798322;1.55;4.75;4.9;68;-0.85978719;0.016952886;1.679510722;93.40333335;28.2683334;19.56000002;105.8116667;0.768833333;24;0;6;-8518.342773;1.035;0.1725;0.075;0.0125;13.8;2.3
EEG3;EEG34;309.4882997;5.734920287;51581.38328;10.8509161;11;0.936842105;2.250260279;665.754767;0.684176805;0.24945832;-2.776055653;-0.987105191;-3.38864499;0.770045881;0.254714862;0.76019645;7.700458805;0.260718467;0.156533503;0.008637583;98;793.718282;510.5234152;388.1179698;-0.168820877;1.242798322;1.55;4.75;4.9;68;-0.85978719;0.016952886;1.679510722;93.40333335;28.2683334;19.56000002;105.8116667;0.768833333;24;0;6;-8518.342773;1.035;0.1725;0.075;0.0125;13.8;2.3
EEG3;EEG35;669.2331737;6.50613254;111538.8623;11.62212835;7;0.785714286;1.640756641;572.837484;0.468474762;0.304408128;-1.574655015;-0.832870413;-1.79053613;0.764985758;0.405510341;0.546553891;5.354900305;0.457187906;-0.178744006;0.084003134;98;585.015434;174.9661587;155.3923827;-0.168820877;1.242798322;1.55;4.75;4.9;68;-0.85978719;0.016952886;1.679510722;93.40333335;28.2683334;19.56000002;105.8116667;0.768833333;24;0;6;-8518.342773;1.035;0.1725;0.075;0.0125;13.8;2.3
EEG4;EEG41;301.7835345;5.709709987;43111.9335;10.67155512;10;0.923976608;2.187270992;1010.267798;0.718738482;0.544558388;1.035921688;0.795935557;0.782235662;0.848973972;0.620250067;0.798598315;8.489739719;0.250041689;0.021450406;-0.124058865;98;1022.445748;573.2701501;408.7064741;-0.174157712;1.235563767;1.5;4.8;4.95;71;-1.4048387;0.053765199;1.679510722;93.40333335;28.2683334;19.56000002;105.8116667;0.768833333;21;0;7;-8572.959635;0.985;0.140714286;0.075;0.010714286;13.13333333;1.876190476
EEG4;EEG42;349.1215608;5.855420173;49874.50869;10.8172653;11;0.933823529;2.262386254;1015.368419;0.725397464;0.575103118;0.228019119;-0.065144806;0.280289573;0.811579838;0.555131314;0.797937213;8.927378214;0.405744815;0.040236019;-0.166469284;98;1027.546369;379.5133799;263.9048985;-0.174157712;1.235563767;1.5;4.8;4.95;71;-1.4048387;0.053765199;1.679510722;93.40333335;28.2683334;19.56000002;105.8116667;0.768833333;21;0;7;-8572.959635;0.985;0.140714286;0.075;0.010714286;13.13333333;1.876190476
EEG4;EEG43;140.6945287;4.946591077;20099.21839;9.908436207;4;0.756410256;1.265856752;418.042555;0.605183863;0.686242366;-0.242567471;0.029128272;-0.43540524;0.816104187;0.627515771;0.806911819;3.26441675;0.224930921;0.081325431;0.150002533;98;430.220505;337.3388909;282.9996862;-0.174157712;1.235563767;1.5;4.8;4.95;71;-1.4048387;0.053765199;1.679510722;93.40333335;28.2683334;19.56000002;105.8116667;0.768833333;21;0;7;-8572.959635;0.985;0.140714286;0.075;0.010714286;13.13333333;1.876190476
EEG4;EEG44;221.886269;5.402164949;31698.03844;10.36401008;6;0.857142857;1.679204332;499.135174;0.492847973;0.401584588;-1.491154054;-1.815067532;-1.110885062;0.691060865;0.488165614;0.591417569;4.146365191;0.28639547;-0.248854356;0.020710237;98;516.468757;310.6950637;263.9630035;-0.174157712;1.235563767;1.5;4.8;4.95;71;-1.4048387;0.053765199;1.679510722;93.40333335;28.2683334;19.56000002;105.8116667;0.768833333;21;0;7;-8572.959635;0.985;0.140714286;0.075;0.010714286;13.13333333;1.876190476
EEG4;EEG45;408.5949953;6.012724434;58370.71361;10.97456956;6;0.846153846;1.648847072;550.061856;0.571943531;0.514182816;-0.717509226;-0.641616957;-0.6266936;0.764842551;0.544293828;0.686332239;4.589055308;0.295614104;-0.180979638;-0.013914417;98;562.239806;323.9054309;272.8045512;-0.174157712;1.235563767;1.5;4.8;4.95;71;-1.4048387;0.053765199;1.679510722;93.40333335;28.2683334;19.56000002;105.8116667;0.768833333;21;0;7;-8572.959635;0.985;0.140714286;0.075;0.010714286;13.13333333;1.876190476
EEG5;EEG51;264.4321165;5.57758457;52886.42329;10.87590194;11;0.961538462;2.311423445;840.12279;0.721067879;0.376050815;-1.598108586;-0.227748766;-2.388930606;0.804634205;0.331030505;0.793174669;8.850976258;0.392059553;0.12561215;0.024985168;98;852.30074;482.4665242;369.5292574;0.375001507;0.967102088;1.1;4.9;4.85;60;-1.170241967;-0.357373559;1.679510722;93.40333335;28.2683334;19.56000002;105.8116667;0.768833333;25;0;5;-8572.959635;1.12;0.224;0.09;0.018;12.44444444;2.488888889
EEG5;EEG52;562.8068868;6.332936562;112561.3774;11.63125393;8;0.882352941;1.923068868;679.659507;0.664539145;0.390707076;-1.114034622;-0.460194561;-1.427329589;0.785432841;0.433894579;0.75947331;6.283462726;0.401323939;0.0339056;-0.056553804;98;691.837457;277.8675793;207.9430805;0.375001507;0.967102088;1.1;4.9;4.85;60;-1.170241967;-0.357373559;1.679510722;93.40333335;28.2683334;19.56000002;105.8116667;0.768833333;25;0;5;-8572.959635;1.12;0.224;0.09;0.018;12.44444444;2.488888889
EEG5;EEG53;335.304675;5.815039596;67060.93499;11.11335696;11;0.942857143;2.268605286;915.587711;0.684683953;0.505284278;-0.803183715;-0.824984116;-0.440358407;0.780152089;0.496961774;0.75315235;8.581672983;0.357872659;-0.047608107;0.030854465;98;927.765661;338.2443777;269.6981843;0.375001507;0.967102088;1.1;4.9;4.85;60;-1.170241967;-0.357373559;1.679510722;93.40333335;28.2683334;19.56000002;105.8116667;0.768833333;25;0;5;-8572.959635;1.12;0.224;0.09;0.018;12.44444444;2.488888889
EEG5;EEG54;244.8834371;5.50078233;48976.68743;10.7990997;9;0.888888889;2.010162659;806.325683;0.679516602;0.451894728;-0.377010946;0.426796406;-1.116518576;0.832179496;0.453843977;0.76445618;7.489615465;0.24315834;0.017693982;0.084926934;98;818.503633;499.6719941;365.3964864;0.375001507;0.967102088;1.1;4.9;4.85;60;-1.170241967;-0.357373559;1.679510722;93.40333335;28.2683334;19.56000002;105.8116667;0.768833333;25;0;5;-8572.959635;1.12;0.224;0.09;0.018;12.44444444;2.488888889
EEG5;EEG55;304.1194885;5.717420678;60823.89769;11.01573804;8;0.808333333;1.747966237;830.826671;0.656887545;0.711541835;0.728871306;0.699290115;0.599238335;0.852044793;0.644784369;0.750728624;6.816358348;0.375863755;0.172446518;-0.082988795;98;843.004621;229.7950455;176.2955264;0.375001507;0.967102088;1.1;4.9;4.85;60;-1.170241967;-0.357373559;1.679510722;93.40333335;28.2683334;19.56000002;105.8116667;0.768833333;25;0;5;-8572.959635;1.12;0.224;0.09;0.018;12.44444444;2.488888889
ML1;ML11;635.5950395;6.45456163;105932.5066;11.57055744;3;0.472727273;0.759547391;60.135164;0.042675767;0.049130121;-5.414491883;-5.697565107;-3.980810408;0.147485337;0.090542844;0.064013651;0.442456012;0.347488789;-0.273491093;0.109540105;95;168.263117;157.7261516;151.6837567;1.95128275;-0.712983831;0.15;7.5;4.35;63;0.986160658;-1.703115184;0.344891664;102.6449993;27.19666672;18.43666674;94.74;0.6345;54;30;6;-279.7601573;1.98;0.33;0.1;0.016666667;19.8;3.3
ML1;ML12;398.9141305;5.988746182;66485.68841;11.10474199;5;0.705882353;1.300592008;396.783601;0.497330453;0.5164501;-2.008532241;-1.936916871;-1.639824729;0.661369867;0.428907163;0.621663068;3.306849337;0.359247765;-0.056819293;-0.156159661;95;414.117184;254.642389;221.2106759;1.95128275;-0.712983831;0.15;7.5;4.35;63;0.986160658;-1.703115184;0.344891664;102.6449993;27.19666672;18.43666674;94.74;0.6345;54;30;6;-279.7601573;1.98;0.33;0.1;0.016666667;19.8;3.3
ML1;ML13;1235.896151;7.119551615;205982.6919;12.23554742;6;0.804761905;1.571446364;514.183572;0.604957442;0.557694174;-1.324350509;-1.324245011;-1.089480037;0.736003392;0.484401046;0.725948931;4.416020352;0.489729821;-0.088196573;-0.124845938;95;526.361522;268.1092476;235.8452376;1.95128275;-0.712983831;0.15;7.5;4.35;63;0.986160658;-1.703115184;0.344891664;102.6449993;27.19666672;18.43666674;94.74;0.6345;54;30;6;-279.7601573;1.98;0.33;0.1;0.016666667;19.8;3.3
ML1;ML14;672.1260813;6.510445944;112021.0135;11.62644175;5;0.716666667;1.320888343;426.274572;0.408823396;0.374832143;-1.54172869;-1.594216649;-1.20630793;0.692175315;0.49337749;0.511029247;3.460876577;0.396879311;-0.254617464;0.036321844;95;443.608155;209.6380984;180.4016934;1.95128275;-0.712983831;0.15;7.5;4.35;63;0.986160658;-1.703115184;0.344891664;102.6449993;27.19666672;18.43666674;94.74;0.6345;54;30;6;-279.7601573;1.98;0.33;0.1;0.016666667;19.8;3.3
ML1;ML15;1026.352004;6.933766051;171058.6674;12.04976186;7;0.867647059;1.809010284;550.547872;0.621749104;0.268443236;-1.730865394;-0.558055809;-3.060560726;0.778826315;0.274509913;0.725373956;5.451784207;0.435219009;-0.089539841;-0.059097255;95;562.725822;311.5995213;241.0991019;1.95128275;-0.712983831;0.15;7.5;4.35;63;0.986160658;-1.703115184;0.344891664;102.6449993;27.19666672;18.43666674;94.74;0.6345;54;30;6;-279.7601573;1.98;0.33;0.1;0.016666667;19.8;3.3
ML2;ML21;688.46247;6.534460807;137692.494;11.83277817;11;0.952380952;2.303488495;1048.265476;0.702798506;0.489191997;0.595722359;1.29944771;0.568741607;0.866571068;0.578625236;0.77307836;9.532281743;0.353482014;-0.103538752;0.055289609;95;1048.265476;481.56147;333.5320996;2.075508064;-0.589799657;0.05;7.15;4.55;75;-0.237278041;-0.546670402;0.344891664;102.6449993;27.19666672;18.43666674;94.74;0.6345;55;19;5;-302.2789764;1.575;0.315;0.085;0.017;18.52941176;3.705882353
ML2;ML22;703.671666;6.556311864;140734.3332;11.85462923;13;0.928104575;2.366289318;1188.141712;0.707444098;0.458037884;0.608031782;0.518931334;0.354896401;0.833381892;0.536273475;0.766397775;10.83396459;0.414222536;-0.033350068;-0.025716743;95;1200.319662;481.3821116;358.4447762;2.075508064;-0.589799657;0.05;7.15;4.55;75;-0.237278041;-0.546670402;0.344891664;102.6449993;27.19666672;18.43666674;94.74;0.6345;55;19;5;-302.2789764;1.575;0.315;0.085;0.017;18.52941176;3.705882353
ML2;ML23;1079.921512;6.984643643;215984.3023;12.28296101;12;0.958333333;2.393312123;912.420015;0.69045027;0.34260512;-1.53041062;-0.683388846;-2.209203255;0.789092946;0.335265177;0.753218479;9.469115356;0.576874869;-0.070304971;-0.045501931;95;924.597965;197.6357552;162.4280765;2.075508064;-0.589799657;0.05;7.15;4.55;75;-0.237278041;-0.546670402;0.344891664;102.6449993;27.19666672;18.43666674;94.74;0.6345;55;19;5;-302.2789764;1.575;0.315;0.085;0.017;18.52941176;3.705882353
ML2;ML24;564.1602275;6.335338302;112832.0455;11.63365567;15;0.970760234;2.625048159;1146.180461;0.705692553;0.352159649;-1.137103649;-0.200733748;-1.638676039;0.805388592;0.369917258;0.756099166;12.08082888;0.413621049;-0.062147109;-0.088483976;95;1158.358411;435.7026977;316.2356126;2.075508064;-0.589799657;0.05;7.15;4.55;75;-0.237278041;-0.546670402;0.344891664;102.6449993;27.19666672;18.43666674;94.74;0.6345;55;19;5;-302.2789764;1.575;0.315;0.085;0.017;18.52941176;3.705882353
ML2;ML25;503.7904989;6.222160505;100758.0998;11.52047787;8;0.828571429;1.771623956;745.110403;0.522378728;0.421993302;-0.290135112;-0.279731701;-0.08381172;0.799140646;0.570211584;0.597004262;6.393125165;0.521360896;-0.210959014;0.107565639;95;745.110403;211.8588998;174.6198144;2.075508064;-0.589799657;0.05;7.15;4.55;75;-0.237278041;-0.546670402;0.344891664;102.6449993;27.19666672;18.43666674;94.74;0.6345;55;19;5;-302.2789764;1.575;0.315;0.085;0.017;18.52941176;3.705882353
MP;MP1;413.2858684;6.024139529;68880.97807;11.14013534;10;0.809230769;1.852365905;759.959349;0.614998793;0.312192696;-1.759677336;-0.977314009;-1.788090046;0.769635075;0.383711274;0.683331994;7.696350749;0.461154815;0.139790953;0.109649359;95;772.137299;286.675101;261.3315287;-4.008957793;-0.703178262;3.9;6.2;5.3;157;-0.627149475;1.108822832;-3.283502971;131.7349995;24.98500001;14.66000005;86.16;0.499833333;459;33.5;6;-297.9123444;1.145;0.190833333;0.11;0.018333333;10.40909091;1.734848485
MP;MP2;274.0766207;5.613407705;45679.43679;10.72940351;8;0.842857143;1.822617832;688.6502;0.631205321;0.523022651;-0.931678033;-1.088967503;-0.550281993;0.755509432;0.525959502;0.721377512;6.044075456;0.422501225;0.019679445;0.068659141;95;700.82815;255.0716743;195.2618179;-4.008957793;-0.703178262;3.9;6.2;5.3;157;-0.627149475;1.108822832;-3.283502971;131.7349995;24.98500001;14.66000005;86.16;0.499833333;459;33.5;6;-297.9123444;1.145;0.190833333;0.11;0.018333333;10.40909091;1.734848485
MP;MP3;203.0156646;5.313283142;33835.9441;10.42927895;8;0.972222222;2.043191871;697.742492;0.705405773;0.502906238;-0.878496781;-0.202104034;-1.097545685;0.801901626;0.469882184;0.806178029;6.415213006;0.288904423;0.169595985;0.005345518;95;709.920442;476.7409375;373.6121391;-4.008957793;-0.703178262;3.9;6.2;5.3;157;-0.627149475;1.108822832;-3.283502971;131.7349995;24.98500001;14.66000005;86.16;0.499833333;459;33.5;6;-297.9123444;1.145;0.190833333;0.11;0.018333333;10.40909091;1.734848485
MP;MP4;152.382343;5.026392777;25397.05717;10.14238859;6;0.892857143;1.667461933;502.938413;0.534981809;0.390970283;-1.55244551;-1.095971976;-1.488407211;0.733129373;0.453641943;0.641978174;4.398776237;0.357748184;-0.148730306;0.069242472;95;515.116363;200.6133181;170.6905084;-4.008957793;-0.703178262;3.9;6.2;5.3;157;-0.627149475;1.108822832;-3.283502971;131.7349995;24.98500001;14.66000005;86.16;0.499833333;459;33.5;6;-297.9123444;1.145;0.190833333;0.11;0.018333333;10.40909091;1.734848485
MP;MP5;453.4949889;6.11698422;75582.49816;11.23298003;10;0.906666667;2.155185249;592.069469;0.547314346;0.365623808;-3.468391744;-5.201594982;-2.392603627;0.57043561;0.332635193;0.608127053;5.704356103;0.387372073;-0.114176094;0.143351392;95;604.247419;288.1250483;231.4126543;-4.008957793;-0.703178262;3.9;6.2;5.3;157;-0.627149475;1.108822832;-3.283502971;131.7349995;24.98500001;14.66000005;86.16;0.499833333;459;33.5;6;-297.9123444;1.145;0.190833333;0.11;0.018333333;10.40909091;1.734848485
MP;MP6;303.7825341;5.716312097;50630.42236;10.83230791;5;0.725;1.353591352;427.741816;0.547651441;0.575777546;-1.421331684;-1.22902074;-1.419960819;0.712538357;0.463238795;0.684564304;3.562691786;0.340814028;0.125769927;0.197521872;95;439.919766;207.4513071;173.5144805;-4.008957793;-0.703178262;3.9;6.2;5.3;157;-0.627149475;1.108822832;-3.283502971;131.7349995;24.98500001;14.66000005;86.16;0.499833333;459;33.5;6;-297.9123444;1.145;0.190833333;0.11;0.018333333;10.40909091;1.734848485
REGUA1;REGUA_PV1;231.9499106;5.446521446;46389.98213;10.74483881;12;0.941176471;2.351257284;781.954316;0.672164334;0.293600706;-2.934378853;-2.185878878;-2.62462321;0.723320871;0.30829946;0.733270186;8.679850446;0.471366747;0.102531976;0.112512256;217;794.132266;549.267212;419.8018628;-0.687269845;-2.32017859;1.3;6.7;4.7;138;-1.061119578;1.274187826;-0.996898183;114.9833337;26.72166662;16.6400001;92.15666667;0.580333333;91;0;5;-365.4053345;1.445;0.289;0.11;0.022;13.13636364;2.627272727
REGUA1;REGUA_PV2;342.4587014;5.836151071;68491.74028;11.13446844;13;0.952380952;2.466577144;950.536173;0.713482072;0.403325042;-1.77813999;-1.017933465;-1.651098872;0.772805794;0.380258603;0.772938914;10.04647532;0.338145389;0.096475148;0.094447636;217;962.714123;482.6178516;329.1763314;-0.687269845;-2.32017859;1.3;6.7;4.7;138;-1.061119578;1.274187826;-0.996898183;114.9833337;26.72166662;16.6400001;92.15666667;0.580333333;91;0;5;-365.4053345;1.445;0.289;0.11;0.022;13.13636364;2.627272727
REGUA1;REGUA_PV3;180.6745634;5.196697421;36134.91268;10.49501479;10;0.948717949;2.204785417;851.161971;0.70890398;0.429317488;-0.695089145;-0.180021941;-1.019370482;0.804068019;0.453519111;0.787671093;8.040680193;0.375857339;0.14096229;0.020559943;217;863.339921;543.0025771;407.9286322;-0.687269845;-2.32017859;1.3;6.7;4.7;138;-1.061119578;1.274187826;-0.996898183;114.9833337;26.72166662;16.6400001;92.15666667;0.580333333;91;0;5;-365.4053345;1.445;0.289;0.11;0.022;13.13636364;2.627272727
REGUA1;REGUA_PV4;430.9354679;6.065958352;86187.09357;11.36427572;10;0.888888889;2.058223904;919.865152;0.69863699;0.532514992;-0.018076306;0.265515984;0.093870201;0.826932054;0.554083946;0.776263326;8.26932054;0.463810316;0.224862468;0.025484426;217;932.043102;420.4084495;304.0812418;-0.687269845;-2.32017859;1.3;6.7;4.7;138;-1.061119578;1.274187826;-0.996898183;114.9833337;26.72166662;16.6400001;92.15666667;0.580333333;91;0;5;-365.4053345;1.445;0.289;0.11;0.022;13.13636364;2.627272727
REGUA1;REGUA_PV5;424.5616418;6.051057206;84912.32837;11.34937457;7;0.85620915;1.769036161;601.241943;0.604908131;0.494072121;-1.110667129;-1.320623885;-0.757280874;0.738493294;0.510188281;0.705726155;5.169453057;0.181319777;-0.122459072;-0.090777754;217;618.575526;431.0785845;353.6927057;-0.687269845;-2.32017859;1.3;6.7;4.7;138;-1.061119578;1.274187826;-0.996898183;114.9833337;26.72166662;16.6400001;92.15666667;0.580333333;91;0;5;-365.4053345;1.445;0.289;0.11;0.022;13.13636364;2.627272727
REGUA2;REGUA1;399.2147098;5.989499392;99803.67745;11.51096031;17;0.948616601;2.642319154;1412.598898;0.753580963;0.544175929;0.18633174;-0.279668221;0.665114357;0.802857263;0.510619306;0.800679776;13.64857348;0.291696302;0.19562644;0.091627077;95;1424.776848;465.256523;306.1292548;0.401238569;-0.960471316;1.1;7.3;4.85;122.5;1.021407407;0.099367026;-0.022426887;110.7016665;27.49500001;17.80166669;94.47;0.634;61;15;4;-391.1695251;1.555;0.38875;0.095;0.02375;16.36842105;4.092105263
REGUA2;REGUA2;223.0390679;5.407346948;55759.76697;10.92880787;11;0.948529412;2.313153679;1061.298614;0.75830304;0.607053436;0.697748024;0.804864089;0.564295733;0.846616176;0.581724774;0.834133346;9.312777933;0.248560191;0.161537546;-0.04623233;95;1073.476564;559.1684292;386.0808513;0.401238569;-0.960471316;1.1;7.3;4.85;122.5;1.021407407;0.099367026;-0.022426887;110.7016665;27.49500001;17.80166669;94.47;0.634;61;15;4;-391.1695251;1.555;0.38875;0.095;0.02375;16.36842105;4.092105263
REGUA2;REGUA3;294.1558297;5.68410966;73538.95743;11.20557058;14;0.977941176;2.588573163;1213.771434;0.766153391;0.55525175;0.073455061;-0.06178374;0.510473817;0.811875334;0.532655497;0.825088269;11.36625468;0.344562392;0.145164774;-0.023055911;95;1225.949384;570.8376599;367.305382;0.401238569;-0.960471316;1.1;7.3;4.85;122.5;1.021407407;0.099367026;-0.022426887;110.7016665;27.49500001;17.80166669;94.47;0.634;61;15;4;-391.1695251;1.555;0.38875;0.095;0.02375;16.36842105;4.092105263
REGUA2;REGUA4;236.5043028;5.465966401;59126.07569;10.98742732;12;0.958333333;2.393312123;1060.875734;0.758231864;0.530274356;-0.00755676;0.456704443;-0.273137885;0.831470127;0.500392982;0.827162036;9.977641528;0.271622935;0.215352036;0.093844921;95;1073.053684;487.5733056;321.6333992;0.401238569;-0.960471316;1.1;7.3;4.85;122.5;1.021407407;0.099367026;-0.022426887;110.7016665;27.49500001;17.80166669;94.47;0.634;61;15;4;-391.1695251;1.555;0.38875;0.095;0.02375;16.36842105;4.092105263
REGUA2;REGUA5;191.0882742;5.25273549;47772.06856;10.77419641;9;0.908333333;2.046738533;804.80245;0.698197605;0.464958322;-0.463396877;0.107579644;-0.809293288;0.817983082;0.484450095;0.785472308;7.361847737;0.337569476;0.266232303;-0.033550712;95;816.9804;576.5120069;440.156358;0.401238569;-0.960471316;1.1;7.3;4.85;122.5;1.021407407;0.099367026;-0.022426887;110.7016665;27.49500001;17.80166669;94.47;0.634;61;15;4;-391.1695251;1.555;0.38875;0.095;0.02375;16.36842105;4.092105263
REGUA2;REGUA6;211.6169872;5.354777976;52904.24679;10.87623889;12;0.935672515;2.333196714;1112.500415;0.710219736;0.459785607;0.414956608;0.545631441;0.431642589;0.835824585;0.557551155;0.774785169;10.02989502;0.314769568;0.015967906;-0.030985246;95;1124.678365;531.8002699;359.7117516;0.401238569;-0.960471316;1.1;7.3;4.85;122.5;1.021407407;0.099367026;-0.022426887;110.7016665;27.49500001;17.80166669;94.47;0.634;61;15;4;-391.1695251;1.555;0.38875;0.095;0.02375;16.36842105;4.092105263
REGUA2;REGUA7;237.0187697;5.468139335;59254.69243;10.98960025;7;0.80952381;1.674408937;779.917868;0.680908357;0.801261066;1.193553246;0.68429341;1.508448715;0.855997205;0.767538198;0.794393086;5.991980435;0.37110335;0.224292023;-0.044685756;95;792.095818;482.9857508;388.2758841;0.401238569;-0.960471316;1.1;7.3;4.85;122.5;1.021407407;0.099367026;-0.022426887;110.7016665;27.49500001;17.80166669;94.47;0.634;61;15;4;-391.1695251;1.555;0.38875;0.095;0.02375;16.36842105;4.092105263
REGUA2;REGUA8;181.245575;5.19985288;45311.39374;10.7213138;7;0.858333333;1.771016369;791.873477;0.697489324;0.785707976;1.388389897;0.939886441;1.72069053;0.868634155;0.789532131;0.813737549;6.080439087;0.213557091;0.287472954;0.069533713;95;804.051427;316.158096;220.7521601;0.401238569;-0.960471316;1.1;7.3;4.85;122.5;1.021407407;0.099367026;-0.022426887;110.7016665;27.49500001;17.80166669;94.47;0.634;61;15;4;-391.1695251;1.555;0.38875;0.095;0.02375;16.36842105;4.092105263
RESENDE1;S_HELENA1;288.8326363;5.665847407;57766.52725;10.96416477;11;0.931578947;2.276422686;1086.075318;0.755220946;0.647383497;0.937851369;0.655068221;1.0509257;0.84122538;0.623287229;0.830743043;9.253479176;0.296556541;0.172261502;-0.010901809;76;1098.253268;573.0429045;404.5037436;2.846251756;-0.743067444;0.4;12.1;4.15;217;4.065270053;-0.448374955;-1.852349087;126.3149999;26.88833345;15.11833337;89.685;0.694;444;27.5;5;-386.5801697;1.82;0.364;0.175;0.035;10.4;2.08
RESENDE1;S_HELENA2;147.9796179;4.997074547;29595.92358;10.29539191;10;0.96969697;2.25385759;809.792956;0.679280808;0.470530999;-1.263732563;-1.070167637;-0.856338084;0.762641423;0.46731103;0.754756458;7.626414232;0.314761405;0.003853499;0.113740674;76;821.970906;326.9442589;234.3101827;2.846251756;-0.743067444;0.4;12.1;4.15;217;4.065270053;-0.448374955;-1.852349087;126.3149999;26.88833345;15.11833337;89.685;0.694;444;27.5;5;-386.5801697;1.82;0.364;0.175;0.035;10.4;2.08
RESENDE1;S_HELENA3;209.4428421;5.344450872;41888.56843;10.64276824;13;0.954248366;2.447151308;1203.888955;0.769431324;0.612884518;0.680862493;0.491626694;0.771013216;0.832686825;0.567181572;0.833550604;10.82492873;0.422078224;0.207532368;0.00386612;76;1216.066905;392.9609097;256.3566499;2.846251756;-0.743067444;0.4;12.1;4.15;217;4.065270053;-0.448374955;-1.852349087;126.3149999;26.88833345;15.11833337;89.685;0.694;444;27.5;5;-386.5801697;1.82;0.364;0.175;0.035;10.4;2.08
RESENDE1;S_HELENA4;132.3451838;4.885413538;26469.03676;10.1837309;4;0.785714286;1.255482325;299.220165;0.470360168;0.461962063;-2.126418221;-2.972448562;-2.076484383;0.552487252;0.367247279;0.627146896;2.209949008;0.330719557;-0.072435078;0.206607856;76;311.398115;234.9617723;201.8309841;2.846251756;-0.743067444;0.4;12.1;4.15;217;4.065270053;-0.448374955;-1.852349087;126.3149999;26.88833345;15.11833337;89.685;0.694;444;27.5;5;-386.5801697;1.82;0.364;0.175;0.035;10.4;2.08
RESENDE1;S_HELENA5;170.3718472;5.137983385;34074.36944;10.43630075;9;0.977777778;2.163955657;887.47386;0.738036371;0.653514131;0.488714665;0.402638358;0.795352512;0.832182837;0.633991185;0.830290921;7.489645531;0.342469136;0.10891796;0.072100902;76;899.65181;447.4944322;331.7553594;2.846251756;-0.743067444;0.4;12.1;4.15;217;4.065270053;-0.448374955;-1.852349087;126.3149999;26.88833345;15.11833337;89.685;0.694;444;27.5;5;-386.5801697;1.82;0.364;0.175;0.035;10.4;2.08
RESENDE2;S_HELENABaixada;381.8849591;5.945119409;76376.99182;11.24343678;10;0.828571429;1.908036835;868.507017;0.698025961;0.65775429;-0.523211267;-0.224248456;-0.658742047;0.803883396;0.486321384;0.775584405;8.038833961;0.426588475;0.207465294;-0.022698173;76;880.684967;379.2791406;275.3593481;-2.614210095;-0.678718832;3.3;8.25;4.7;286.5;2.534919343;1.590075243;-1.852349087;126.3149999;26.88833345;15.11833337;89.685;0.694;430;9.3;5;-386.5801697;1.4;0.28;0.15;0.03;9.333333333;1.866666667
RESENDE3;S_JORGE1;289.1762382;5.667036323;57835.24764;10.96535369;10;0.941666667;2.220025328;872.585962;0.643633131;0.47265919;-0.500983425;-0.895571164;-0.083185114;0.777553236;0.541646685;0.715147926;7.775532358;0.458260933;-0.110769579;-0.064909044;42;884.763912;268.4040031;194.2400972;1.721095242;0.9141618;0.2;6;4.35;113.5;0.652273528;0.091096534;-2.654813126;128.3983327;26.04666669;14.33500002;89.68;0.6335;550;35;5;-387.2353134;1.155;0.231;0.09;0.018;12.83333333;2.566666667
RESENDE3;S_JORGE2;244.2137541;5.498043883;48842.75082;10.79636125;8;0.876190476;1.876273584;798.040107;0.710456289;0.688556116;0.402089547;0.360423498;0.295609013;0.834466963;0.613007508;0.811950047;6.675735701;0.568008931;0.224459849;0.036854414;42;810.218057;360.9414059;295.2875395;1.721095242;0.9141618;0.2;6;4.35;113.5;0.652273528;0.091096534;-2.654813126;128.3983327;26.04666669;14.33500002;89.68;0.6335;550;35;5;-387.2353134;1.155;0.231;0.09;0.018;12.83333333;2.566666667
RESENDE3;S_JORGE3;369.4978161;5.91214483;73899.56321;11.2104622;18;0.94789916;2.701402311;1333.453006;0.733316913;0.39094297;-1.016235157;-0.917782829;-0.642767582;0.784915295;0.417898359;0.776453204;14.1284753;0.485142676;0.074477876;-0.022434081;42;1345.630956;475.8916022;296.383329;1.721095242;0.9141618;0.2;6;4.35;113.5;0.652273528;0.091096534;-2.654813126;128.3983327;26.04666669;14.33500002;89.68;0.6335;550;35;5;-387.2353134;1.155;0.231;0.09;0.018;12.83333333;2.566666667
RESENDE3;S_JORGE4;344.1035151;5.840942528;68820.70302;11.13925989;10;0.96969697;2.25385759;834.217023;0.700810905;0.464343034;-0.994925454;-0.368958555;-0.990241755;0.792074723;0.456507806;0.778678786;7.920747233;0.550947867;0.022791291;0.022807449;42;846.394973;209.4158766;176.9460028;1.721095242;0.9141618;0.2;6;4.35;113.5;0.652273528;0.091096534;-2.654813126;128.3983327;26.04666669;14.33500002;89.68;0.6335;550;35;5;-387.2353134;1.155;0.231;0.09;0.018;12.83333333;2.566666667
RESENDE3;S_JORGE5;212.9861907;5.361227331;42597.23814;10.6595447;13;0.980952381;2.523210953;1141.005592;0.761414466;0.416887118;0.050986106;0.579048197;-0.753756592;0.835528026;0.446802674;0.824865674;10.86186434;0.43848874;0.132197012;-0.160252953;42;1153.183542;477.8394366;342.9211933;1.721095242;0.9141618;0.2;6;4.35;113.5;0.652273528;0.091096534;-2.654813126;128.3983327;26.04666669;14.33500002;89.68;0.6335;550;35;5;-387.2353134;1.155;0.231;0.09;0.018;12.83333333;2.566666667
